"Geekbench 3, 64bit (Single-Core)",
"Geekbench 3 is a cross plattform benchmark that heavily uses the systems memory. A fast memory will push the result a lot. The single-core test only uses one CPU core, the amount of cores or hyperthreading ability doesn't count.?",
,
Intel Core i9-9900KF,5870
8x 3.60 GHz (5.00 GHz) HT,
Intel Core i9-9900,5870
8x 3.10 GHz (5.00 GHz) HT,
Intel Core i9-9900K,5870
8x 3.60 GHz (5.00 GHz) HT,
Intel Core i7-9700KF,5472
8x 3.60 GHz (4.90 GHz),
Intel Core i7-9700K,5472
8x 3.60 GHz (4.90 GHz),
Intel Core i9-8950HK,5418
6x 2.90 GHz (4.80 GHz) HT,
Intel Core i7-8086K,5410
6x 3.70 GHz (5.00 GHz) HT,
Intel Core i7-8700K,5330
6x 3.70 GHz (4.70 GHz) HT,
Intel Core i7-8700,5204
6x 3.20 GHz (4.60 GHz) HT,
Intel Core i7-7740X,5133
4x 4.30 GHz (4.50 GHz) HT,
Intel Core i7-7700K,5130
4x 4.20 GHz (4.50 GHz) HT,
Intel Core i5-9600,5110
6x 3.10 GHz (4.60 GHz),
Intel Core i7-7820X,5103
8x 3.60 GHz (4.50 GHz) HT,
Intel Core i5-9600K,5065
6x 3.70 GHz (4.60 GHz),
Intel Core i5-9600KF,5065
6x 3.70 GHz (4.60 GHz),
Intel Core i5-9500F,4944
6x 3.00 GHz (4.40 GHz),
Intel Core i5-9500,4944
6x 3.00 GHz (4.40 GHz),
Intel Core i9-7920X,4876
12x 2.90 GHz (4.30 GHz) HT,
Intel Core i9-7940X,4876
14x 3.10 GHz (4.30 GHz) HT,
Intel Core i9-7900X,4876
10x 3.30 GHz (4.30 GHz) HT,
Intel Core i7-8850H,4854
6x 2.60 GHz (4.30 GHz) HT,
AMD Ryzen 7 2700X,4850
8x 3.70 GHz (4.00 GHz) HT,
AMD Ryzen 5 2600X,4823
6x 3.60 GHz (4.20 GHz) HT,
Intel Core i5-9400F,4820
6x 2.90 GHz (4.10 GHz),
Intel Core i5-9400,4820
6x 2.90 GHz (4.10 GHz),
AMD Ryzen Threadripper 2950X,4814
16x 3.50 GHz (4.40 GHz) HT,
Intel Xeon E3-1280 v6,4788
4x 3.90 GHz (4.20 GHz) HT,
Intel Xeon E3-1275 v6,4785
4x 3.80 GHz (4.20 GHz) HT,
Intel Xeon E3-1270 v6,4785
4x 3.80 GHz (4.20 GHz) HT,
Intel Core i7-7700,4779
4x 3.60 GHz (4.20 GHz) HT,
AMD Ryzen Threadripper 2970WX,4765
24x 3.00 GHz (4.20 GHz) HT,
AMD Ryzen Threadripper 2920X,4765
12x 3.50 GHz (4.30 GHz) HT,
Intel Core i7-7800X,4763
6x 3.50 GHz (4.20 GHz) HT,
Intel Core i9-7980XE,4763
18x 2.60 GHz (4.20 GHz) HT,
Intel Core i9-7960X,4763
16x 2.80 GHz (4.20 GHz) HT,
Intel Core i7-6700K,4757
4x 4.00 GHz (4.20 GHz) HT,
AMD Ryzen Threadripper 2990WX,4721
32x 3.00 GHz (4.20 GHz) HT,
Intel Xeon Gold 6144,4714
8x 3.50 GHz (4.20 GHz) HT,
Intel Xeon Gold 6146,4705
12x 3.20 GHz (4.20 GHz) HT,
Intel Xeon E3-1240 v6,4671
4x 3.70 GHz (4.10 GHz) HT,
Intel Xeon E3-1245 v6,4671
4x 3.70 GHz (4.10 GHz) HT,
Intel Core i7-8750H,4620
6x 2.20 GHz (4.10 GHz) HT,
AMD Ryzen Threadripper 1920X,4616
12x 3.50 GHz (4.00 GHz) HT,
AMD Ryzen Threadripper 1950X,4616
16x 3.40 GHz (4.00 GHz) HT,
Intel Core i5-8600K,4561
6x 3.60 GHz (4.30 GHz),
Intel Xeon E3-1275 v5,4536
4x 3.60 GHz (4.00 GHz) HT,
Intel Xeon E3-1270 v5,4536
4x 3.60 GHz (4.00 GHz) HT,
Intel Xeon E3-1280 v5,4536
4x 3.70 GHz (4.00 GHz) HT,
Intel Core i7-6700,4519
4x 3.40 GHz (4.00 GHz) HT,
Intel Core i7-8700T,4514
6x 2.40 GHz (4.00 GHz) HT,
Intel Core i5-7640X,4489
4x 4.00 GHz (4.20 GHz) HT,
Intel Core i5-7600K,4483
4x 3.80 GHz (4.20 GHz),
Intel Core i7-8809G,4465
4x 3.10 GHz (4.20 GHz) HT,
Intel Core i5-8400H,4449
4x 2.50 GHz (4.20 GHz) HT,
Intel Core i5-8600,4444
6x 3.10 GHz (4.20 GHz),
Intel Xeon E3-1230 v6,4442
4x 3.50 GHz (3.90 GHz) HT,
Intel Xeon E3-1245 v5,4423
4x 3.50 GHz (3.90 GHz) HT,
Intel Xeon E3-1260L v5,4423
4x 2.90 GHz (3.90 GHz) HT,
Intel Xeon E3-1240 v5,4423
4x 3.50 GHz (3.90 GHz) HT,
AMD Ryzen 7 2700,4400
8x 3.20 GHz (3.80 GHz) HT,
AMD Ryzen Threadripper 1900X,4400
8x 3.80 GHz (4.00 GHz) HT,
Intel Xeon E5-2637 v4,4382
4x 3.50 GHz (3.70 GHz) HT,
Intel Xeon E5-2643 v4,4379
6x 3.40 GHz (3.70 GHz) HT,
Intel Core i5-7600,4371
4x 3.50 GHz (4.10 GHz),
Intel Core i7-8650U,4371
4x 1.90 GHz (4.20 GHz) HT,
Intel Core i7-8706G,4360
4x 3.10 GHz (4.10 GHz) HT,
Intel Core i7-7920HQ,4360
4x 3.10 GHz (4.10 GHz) HT,
Intel Core i7-8709G,4360
4x 3.10 GHz (4.10 GHz) HT,
Intel Core i7-8705G,4360
4x 3.10 GHz (4.10 GHz) HT,
AMD Ryzen 7 1800X,4356
8x 3.60 GHz (4.00 GHz) HT,
Intel Core i5-9600T,4350
6x 2.30 GHz (3.90 GHz),
Intel Core i5-8500,4337
6x 3.00 GHz (4.10 GHz),
Intel Core i7-7700T,4314
4x 2.90 GHz (3.80 GHz) HT,
Intel Xeon E3-1230 v5,4309
4x 3.40 GHz (3.80 GHz) HT,
Intel Core i7-4790K,4302
4x 4.00 GHz (4.40 GHz) HT,
Intel Core i3-7350K,4301
2x 4.20 GHz HT,
AMD Ryzen 5 2400G,4295
4x 3.60 GHz (3.90 GHz) HT,
AMD Ryzen 5 2600,4280
6x 3.40 GHz (3.90 GHz) HT,
Intel Core i7-7567U,4267
2x 3.50 GHz (4.00 GHz) HT,
Intel Core i3-8350K,4260
4x 4.00 GHz,
Intel Core i7-4940MX,4260
4x 3.10 GHz (3.90 GHz) HT,
Intel Xeon E5-2667 v4,4257
8x 3.20 GHz (3.60 GHz) HT,
Intel Xeon Platinum 8180M,4246
28x 2.50 GHz (3.80 GHz) HT,
Intel Xeon Platinum 8180,4246
28x 2.50 GHz (3.80 GHz) HT,
Intel Xeon E5-2697A v4,4240
16x 2.60 GHz (3.60 GHz) HT,
Intel Core i7-7660U,4240
2x 2.50 GHz (4.00 GHz) HT,
Intel Xeon Platinum 8176,4235
28x 2.10 GHz (3.80 GHz) HT,
Intel Core i5-8300H,4235
4x 2.30 GHz (4.00 GHz) HT,
Intel Xeon Platinum 8176M,4235
28x 2.10 GHz (3.80 GHz) HT,
Intel Xeon Platinum 8176F,4235
28x 2.10 GHz (3.80 GHz) HT,
Intel Xeon E5-2697 v4,4231
18x 2.30 GHz (3.60 GHz) HT,
Intel Xeon E5-2698 v4,4228
20x 2.20 GHz (3.60 GHz) HT,
Intel Xeon E5-2699 v4,4228
22x 2.20 GHz (3.60 GHz) HT,
Intel Core i7-8565U,4217
4x 1.80 GHz (4.60 GHz) HT,
Intel Core i5-8265U,4211
4x 1.60 GHz (3.90 GHz) HT,
Intel Core i5-9500T,4205
6x 2.20 GHz (3.70 GHz),
Intel Core i3-7320,4198
2x 4.10 GHz HT,
Intel Xeon Platinum 8156,4167
4x 3.60 GHz (3.70 GHz) HT,
Intel Xeon Gold 5122,4167
4x 3.60 GHz (3.70 GHz) HT,
Intel Core i7-8550U,4162
4x 1.80 GHz (4.00 GHz) HT,
Intel Xeon Gold 6128,4161
6x 3.40 GHz (3.70 GHz) HT,
Intel Core i5-8350U,4157
4x 1.70 GHz (3.60 GHz) HT,
Intel Xeon Gold 6134,4156
8x 3.20 GHz (3.70 GHz) HT,
Intel Xeon Gold 6134M,4156
8x 3.20 GHz (3.70 GHz) HT,
Intel Xeon Gold 6154,4150
18x 3.00 GHz (3.70 GHz) HT,
Intel Xeon Gold 6136,4150
12x 3.00 GHz (3.70 GHz) HT,
Intel Xeon Platinum 8158,4150
12x 3.00 GHz (3.70 GHz) HT,
Intel Core i5-6600K,4147
4x 3.50 GHz (3.90 GHz),
Intel Core i7-7820HK,4146
4x 2.90 GHz (3.90 GHz) HT,
Intel Core i7-7820HQ,4146
4x 2.90 GHz (3.90 GHz) HT,
Intel Core i7-7600U,4144
2x 2.80 GHz (3.90 GHz) HT,
Intel Xeon Platinum 8168,4142
24x 2.70 GHz (3.70 GHz) HT,
Intel Xeon Gold 6150,4142
18x 2.70 GHz (3.70 GHz) HT,
Intel Core i5-6600,4141
4x 3.30 GHz (3.90 GHz),
Intel Xeon Gold 6142F,4139
16x 2.60 GHz (3.70 GHz) HT,
Intel Xeon Gold 6142M,4139
16x 2.60 GHz (3.70 GHz) HT,
Intel Xeon Gold 6132,4139
14x 2.60 GHz (3.70 GHz) HT,
Intel Xeon Gold 6142,4139
16x 2.60 GHz (3.70 GHz) HT,
Intel Xeon Gold 6126F,4139
12x 2.60 GHz (3.70 GHz) HT,
Intel Xeon Gold 6126T,4139
12x 2.60 GHz (3.70 GHz) HT,
Intel Xeon Gold 6126,4139
12x 2.60 GHz (3.70 GHz) HT,
AMD Ryzen 7 1700X,4138
8x 3.40 GHz (3.80 GHz) HT,
Intel Xeon E5-2687W v4,4136
12x 3.00 GHz (3.50 GHz) HT,
Intel Xeon Gold 6148F,4133
20x 2.40 GHz (3.70 GHz) HT,
Intel Core i7-4930MX,4133
4x 3.00 GHz (3.90 GHz) HT,
Intel Xeon Gold 6148,4133
20x 2.40 GHz (3.70 GHz) HT,
Intel Xeon Gold 6140,4130
18x 2.30 GHz (3.70 GHz) HT,
Intel Xeon Gold 6140M,4130
18x 2.30 GHz (3.70 GHz) HT,
Intel Core i7-6785R,4126
4x 3.30 GHz (3.90 GHz) HT,
Intel Xeon Gold 6130,4125
16x 2.10 GHz (3.70 GHz) HT,
Intel Xeon Gold 6152,4125
22x 2.10 GHz (3.70 GHz) HT,
Intel Xeon Gold 6130F,4125
16x 2.10 GHz (3.70 GHz) HT,
Intel Xeon Gold 6130T,4125
16x 2.10 GHz (3.70 GHz) HT,
Intel Xeon Platinum 8170M,4125
26x 2.10 GHz (3.70 GHz) HT,
Intel Xeon Platinum 8170,4125
26x 2.10 GHz (3.70 GHz) HT,
Intel Xeon Platinum 8160M,4125
24x 2.10 GHz (3.70 GHz) HT,
Intel Xeon Platinum 8160F,4125
24x 2.10 GHz (3.70 GHz) HT,
Intel Xeon Platinum 8160,4125
24x 2.10 GHz (3.70 GHz) HT,
Intel Xeon Platinum 8160T,4125
24x 2.10 GHz (3.70 GHz) HT,
Intel Xeon E5-2690 v4,4124
14x 2.60 GHz (3.50 GHz) HT,
Intel Xeon Gold 6138T,4122
20x 2.00 GHz (3.70 GHz) HT,
Intel Xeon Gold 6138F,4122
20x 2.00 GHz (3.70 GHz) HT,
Intel Xeon Platinum 8164,4122
26x 2.00 GHz (3.70 GHz) HT,
Intel Xeon Gold 6138,4122
20x 2.00 GHz (3.70 GHz) HT,
Intel Core i5-8259U,4116
4x 2.30 GHz (3.80 GHz) HT,
Intel Xeon E5-1680 v3,4096
8x 3.20 GHz (3.80 GHz) HT,
Intel Core i3-7300,4096
2x 4.00 GHz HT,
Intel Core i7-5775R,4083
4x 3.30 GHz (3.80 GHz) HT,
Intel Core i3-8121U,4078
2x 2.20 GHz (3.20 GHz) HT,
Intel Core i7-6700T,4060
4x 2.80 GHz (3.60 GHz) HT,
Intel Core i5-7500,4055
4x 3.40 GHz (3.80 GHz),
Intel Core i3-4370,4051
2x 3.80 GHz HT,
Intel Core i7-7700HQ,4039
4x 2.80 GHz (3.80 GHz) HT,
Intel Core i5-8305G,4039
4x 2.80 GHz (3.80 GHz) HT,
Intel Core i5-6685R,4037
4x 3.20 GHz (3.80 GHz),
AMD Ryzen 3 Pro 1300,4029
4x 3.50 GHz (3.70 GHz),
AMD Ryzen 5 1500X,4029
4x 3.50 GHz (3.70 GHz) HT,
AMD Ryzen 5 1600X,4029
6x 3.30 GHz (3.70 GHz) HT,
AMD Ryzen 7 1700,4029
8x 3.00 GHz (3.70 GHz) HT,
AMD Ryzen 7 Pro 1700,4029
8x 3.00 GHz (3.70 GHz) HT,
AMD Ryzen 7 Pro 1700X,4029
8x 3.50 GHz (3.70 GHz) HT,
AMD Ryzen 5 Pro 1500,4029
4x 3.50 GHz (3.70 GHz) HT,
Intel Core i7-7560U,4029
2x 2.40 GHz (3.80 GHz) HT,
Intel Core i5-8400,4020
6x 2.80 GHz (3.80 GHz),
Intel Core i5-7440HQ,4019
4x 2.80 GHz (3.80 GHz),
Intel Xeon E3-1535M v5,4012
4x 2.90 GHz (3.80 GHz) HT,
Intel Core i7-6920HQ,4012
4x 2.90 GHz (3.80 GHz) HT,
AMD Ryzen 3 3300U,4012
4x 2.10 GHz (3.50 GHz),
Intel Xeon E5-2640 v4,4002
10x 2.40 GHz (3.40 GHz) HT,
Intel Core i3-7100,3994
2x 3.90 GHz HT,
Intel Pentium G5600,3994
2x 3.90 GHz HT,
Intel Core i3-6320,3978
2x 3.90 GHz HT,
Intel Core i7-5775C,3978
4x 3.30 GHz (3.70 GHz) HT,
Intel Core i3-8109U,3956
2x 3.00 GHz (3.60 GHz) HT,
Intel Xeon E3-1225 v6,3948
4x 3.30 GHz (3.70 GHz),
Intel Xeon E5-1650 v3,3948
6x 3.50 GHz (3.80 GHz) HT,
Intel Core i3-4360,3945
2x 3.70 GHz HT,
Intel Xeon E3-1225 v5,3944
4x 3.00 GHz (3.70 GHz),
Intel Core i3-8300,3941
4x 3.70 GHz,
Intel Core i5-7600T,3935
4x 2.80 GHz (3.70 GHz),
Intel Core i5-8250U,3927
4x 1.60 GHz (3.40 GHz) HT,
Intel Core i7-5950HQ,3925
4x 2.90 GHz (3.80 GHz) HT,
AMD Ryzen 5 1600,3920
6x 3.20 GHz (3.60 GHz) HT,
AMD Ryzen 5 Pro 1600,3920
6x 3.20 GHz (3.60 GHz) HT,
AMD Ryzen 3 1300X,3916
4x 3.40 GHz (3.90 GHz),
Intel Core i7-4790S,3911
4x 3.20 GHz (4.00 GHz) HT,
Intel Core i5-7287U,3911
2x 3.30 GHz (3.70 GHz) HT,
Intel Core i7-4790,3911
4x 3.60 GHz (4.00 GHz) HT,
Intel Xeon E3-1505M v5,3906
4x 2.80 GHz (3.70 GHz) HT,
Intel Core i5-8600T,3903
6x 2.30 GHz (3.70 GHz),
Intel Core i5-9400T,3902
6x 1.80 GHz (3.40 GHz),
AMD Ryzen 3 2200G,3896
4x 3.50 GHz (3.70 GHz),
Intel Pentium G5500,3891
2x 3.80 GHz HT,
Intel Xeon E5-2680 v4,3887
14x 2.40 GHz (3.30 GHz) HT,
Intel Xeon E5-2695 v4,3881
18x 2.20 GHz (3.30 GHz) HT,
Intel Core i3-6300,3876
2x 3.80 GHz HT,
Intel Core i3-4340,3868
2x 3.60 GHz HT,
AMD Ryzen 7 3700U,3845
4x 2.30 GHz (4.00 GHz) HT,
Intel Xeon E5-2643 v3,3844
6x 3.40 GHz (3.70 GHz) HT,
Intel Core i7-5930K,3844
6x 3.50 GHz (3.70 GHz) HT,
Intel Core i3-4160,3838
2x 3.60 GHz HT,
Intel Core i3-8100,3834
4x 3.60 GHz,
Intel Core i5-6500,3827
4x 3.20 GHz (3.60 GHz),
Intel Core i7-6567U,3826
2x 3.30 GHz (3.60 GHz) HT,
Intel Core i5-6585R,3814
4x 2.80 GHz (3.60 GHz),
Intel Core i7-4770R,3813
4x 3.20 GHz (3.90 GHz) HT,
Intel Core i7-4770K,3813
4x 3.50 GHz (3.90 GHz) HT,
Intel Core i7-4820K,3813
4x 3.70 GHz (3.90 GHz) HT,
Intel Core i7-4770,3813
4x 3.40 GHz (3.90 GHz) HT,
Intel Core i7-4790T,3813
4x 2.70 GHz (3.90 GHz) HT,
AMD Ryzen 3 2300U,3812
4x 2.00 GHz (3.40 GHz),
Intel Core i7-6820HK,3800
4x 2.70 GHz (3.60 GHz) HT,
Intel Core i7-6820HQ,3800
4x 2.70 GHz (3.60 GHz) HT,
Intel Pentium G5400,3789
2x 3.70 GHz HT,
Intel Pentium G4620,3789
2x 3.70 GHz HT,
Intel Core i7-3770k,3782
4x 3.50 GHz (3.90 GHz) HT,
Intel Core i5-7360U,3782
2x 2.30 GHz (3.60 GHz) HT,
Intel Xeon E5-2623 v4,3777
4x 2.60 GHz (3.20 GHz) HT,
Intel Core i3-6100,3774
2x 3.70 GHz HT,
Intel Xeon E5-1660 v3,3773
8x 3.00 GHz (3.50 GHz) HT,
Intel Core i7-5960X,3773
8x 3.00 GHz (3.50 GHz) HT,
AMD Epyc 7601,3763
32x 2.20 GHz (3.20 GHz) HT,
AMD Epyc 7451,3763
24x 2.30 GHz (3.20 GHz) HT,
Intel Xeon E3-1270 v3,3759
4x 3.50 GHz (3.90 GHz) HT,
Intel Xeon E5-2660 v4,3759
14x 2.00 GHz (3.20 GHz) HT,
Intel Core i7-4930K,3745
6x 3.40 GHz (3.90 GHz) HT,
Intel Core i5-6440HQ,3742
4x 2.60 GHz (3.50 GHz),
Intel Xeon E5-2697 v3,3740
14x 2.60 GHz (3.60 GHz) HT,
Intel Xeon E5-2667 v3,3740
8x 3.20 GHz (3.60 GHz) HT,
Intel Xeon E5-2698 v3,3740
16x 2.30 GHz (3.60 GHz) HT,
Intel Core i7-5820K,3740
6x 3.30 GHz (3.60 GHz) HT,
Intel Core i5-7400,3732
4x 3.00 GHz (3.50 GHz),
Intel Xeon E3-1220 v6,3732
4x 3.00 GHz (3.50 GHz),
Intel Xeon E3-1220 v5,3731
4x 3.00 GHz (3.50 GHz),
Intel Core i3-4150,3731
2x 3.50 GHz HT,
Intel Core i7-7500U,3724
2x 2.70 GHz (3.50 GHz) HT,
Intel Core i5-5675R,3724
4x 3.10 GHz (3.60 GHz),
Intel Core i5-5675C,3724
4x 3.10 GHz (3.60 GHz),
Intel Core i7-5850HQ,3719
4x 2.70 GHz (3.60 GHz) HT,
Intel Xeon E5-1630 v3,3715
4x 3.70 GHz (3.80 GHz) HT,
Intel Core i5-6600T,3710
4x 2.70 GHz (3.50 GHz),
AMD Ryzen 3 Pro 1200,3703
4x 3.10 GHz (3.40 GHz),
AMD Ryzen 5 1400,3703
4x 3.20 GHz (3.40 GHz) HT,
Intel Core i5-7300HQ,3699
4x 2.50 GHz (3.50 GHz),
Intel Core i5-7267U,3699
2x 3.10 GHz (3.50 GHz) HT,
Intel Core i7-6700HQ,3694
4x 2.60 GHz (3.50 GHz) HT,
Intel Core i7-6770HQ,3694
4x 2.60 GHz (3.50 GHz) HT,
Intel Core i5-6287U,3692
2x 3.10 GHz (3.50 GHz) HT,
Intel Core i5-8500T,3690
6x 2.10 GHz (3.50 GHz),
Intel Core i3-8145U,3690
2x 2.10 GHz (3.90 GHz) HT,
Intel Pentium G4600,3686
2x 3.60 GHz HT,
Intel Core i5-7300U,3686
2x 2.60 GHz (3.50 GHz) HT,
AMD Ryzen 7 2700U,3679
4x 2.20 GHz (3.80 GHz) HT,
Intel Xeon E3-1285 v3,3675
4x 3.60 GHz (4.00 GHz) HT,
Intel Xeon E3-1280 v3,3675
4x 3.60 GHz (4.00 GHz) HT,
Intel Xeon E5-2640 v3,3665
8x 2.60 GHz (3.40 GHz) HT,
Intel Xeon E5-2618L v3,3665
8x 2.30 GHz (3.40 GHz) HT,
Intel Xeon E5-2630 v4,3650
10x 2.20 GHz (3.10 GHz) HT,
Intel Xeon E5-1620 v2,3640
4x 3.70 GHz (3.90 GHz) HT,
Intel Xeon E5-2690 v3,3637
12x 2.60 GHz (3.50 GHz) HT,
Intel Xeon E5-2687W v3,3637
10x 3.10 GHz (3.50 GHz) HT,
Intel Core i5-6440EQ,3635
4x 2.70 GHz (3.40 GHz),
Intel Xeon E3-1240L v5,3629
4x 2.10 GHz (3.20 GHz) HT,
AMD Ryzen 5 3500U,3625
4x 2.10 GHz (3.70 GHz) HT,
Intel Core i7-4770T,3618
4x 2.50 GHz (3.70 GHz) HT,
Intel Xeon E5-2637 v3,3618
4x 3.50 GHz (3.70 GHz) HT,
Intel Core i7-5700HQ,3616
4x 2.70 GHz (3.50 GHz) HT,
Intel Core i7-6600U,3600
2x 2.60 GHz (3.40 GHz) HT,
Intel Core i3-8130U,3600
2x 2.20 GHz (3.40 GHz) HT,
Intel Core i5-4690,3597
4x 3.50 GHz (3.90 GHz),
Intel Core i5-4690S,3597
4x 3.20 GHz (3.90 GHz),
Intel Core i5-4690K,3597
4x 3.50 GHz (3.90 GHz),
Intel Xeon E3-1275 v3,3590
4x 3.50 GHz (3.90 GHz) HT,
Intel Core i7-6650U,3589
2x 2.20 GHz (3.40 GHz) HT,
Intel Pentium G4560,3584
2x 3.50 GHz HT,
Intel Core i3-7300T,3584
2x 3.50 GHz HT,
Intel Xeon Gold 5118,3581
12x 2.30 GHz (3.20 GHz) HT,
Intel Xeon Gold 5120,3578
14x 2.20 GHz (3.20 GHz) HT,
Intel Xeon Gold 5120T,3578
14x 2.20 GHz (3.20 GHz) HT,
Intel Core i5-7260U,3572
2x 2.20 GHz (3.40 GHz) HT,
Intel Xeon Gold 5119T,3570
14x 1.90 GHz (3.20 GHz) HT,
Intel Core i7-4900MQ,3560
4x 2.80 GHz (3.80 GHz) HT,
Intel Xeon E3-1231 v3,3554
4x 3.40 GHz (3.80 GHz) HT,
Intel Pentium G4520,3546
2x 3.60 GHz,
Intel Core i7-3930k,3542
6x 3.20 GHz (3.80 GHz) HT,
Intel Xeon E5-2620 v4,3531
8x 2.10 GHz (3.00 GHz) HT,
Intel Xeon E5-2683 v4,3531
16x 2.10 GHz (3.00 GHz) HT,
AMD Epyc 7401P,3528
24x 2.00 GHz (3.00 GHz) HT,
AMD Epyc 7551,3528
32x 2.00 GHz (3.00 GHz) HT,
AMD Epyc 7401,3528
24x 2.00 GHz (3.00 GHz) HT,
AMD Epyc 7501,3528
32x 2.00 GHz (3.00 GHz) HT,
AMD Epyc 7551P,3528
32x 2.00 GHz (3.00 GHz) HT,
Intel Xeon E5-1620 v3,3520
4x 3.50 GHz (3.60 GHz) HT,
Intel Xeon E3-1245 v3,3515
4x 3.40 GHz (3.80 GHz) HT,
Intel Core i5-7500T,3515
4x 2.70 GHz (3.30 GHz),
Intel Xeon E3-1240 v3,3515
4x 3.40 GHz (3.80 GHz) HT,
Intel Core i7-5750HQ,3512
4x 2.50 GHz (3.40 GHz) HT,
Intel Core i7-5850EQ,3512
4x 2.70 GHz (3.40 GHz) HT,
Intel Core i5-4670,3504
4x 3.40 GHz (3.80 GHz),
Intel Core i5-4670K,3504
4x 3.40 GHz (3.80 GHz),
Intel Core i5-6400,3502
4x 2.70 GHz (3.30 GHz),
Intel Core i7 7Y75,3487
2x 1.30 GHz (3.30 GHz) HT,
Intel Xeon E5-2687W v2,3486
8x 3.40 GHz (4.00 GHz) HT,
Intel Core i3-7100T,3482
2x 3.40 GHz HT,
Intel Core i5-6267U,3481
2x 2.90 GHz (3.30 GHz) HT,
AMD Ryzen 5 2500U,3479
4x 2.00 GHz (3.60 GHz) HT,
Intel Core i5-8400T,3472
6x 1.70 GHz (3.30 GHz),
AMD Ryzen 3 1200,3464
4x 3.10 GHz (3.45 GHz),
Intel Core i7-4960X,3460
6x 3.60 GHz (4.00 GHz) HT,
Intel Xeon E3-1230 v3,3460
4x 3.30 GHz (3.70 GHz) HT,
Intel Xeon E5-2630 v3,3450
8x 2.40 GHz (3.20 GHz) HT,
Intel Pentium G4500,3448
2x 3.50 GHz,
Intel Core i5-5287U,3442
2x 2.90 GHz (3.30 GHz) HT,
Intel Core i7-4810MQ,3440
4x 2.80 GHz (3.70 GHz) HT,
Intel Xeon E5-2660 v3,3429
10x 2.60 GHz (3.30 GHz) HT,
Intel Xeon E5-2680 v3,3429
12x 2.50 GHz (3.30 GHz) HT,
Intel Xeon E5-2695 v3,3429
14x 2.30 GHz (3.30 GHz) HT,
Intel Core i7-3770,3424
4x 3.40 GHz (3.90 GHz) HT,
Intel Xeon E5-2623 v3,3422
4x 3.00 GHz (3.50 GHz) HT,
Intel Core i5-6300HQ,3421
4x 2.30 GHz (3.20 GHz),
Intel Xeon E5-2650 v4,3418
12x 2.20 GHz (2.90 GHz) HT,
Intel Core i5-4590S,3412
4x 3.00 GHz (3.70 GHz),
Intel Core i5-4590,3412
4x 3.30 GHz (3.70 GHz),
Intel Core i5-5575R,3412
4x 2.80 GHz (3.30 GHz),
Intel Core i3-4360T,3411
2x 3.20 GHz HT,
AMD Epyc 7251,3410
8x 2.10 GHz (2.90 GHz) HT,
AMD Epyc 7351,3410
16x 2.40 GHz (2.90 GHz) HT,
AMD Epyc 7351P,3410
16x 2.40 GHz (2.90 GHz) HT,
Intel Core i3-8300T,3408
4x 3.20 GHz,
Intel Xeon E5-2630L v4,3407
10x 1.80 GHz (2.90 GHz) HT,
AMD Athlon 200GE,3400
2x 3.20 GHz (3.20 GHz),
Intel Core i7-5557U,3393
2x 3.10 GHz (3.40 GHz) HT,
Intel Core i7-6950X,3387
10x 3.00 GHz (3.50 GHz) HT,
Intel Core i7-6560U,3381
2x 2.20 GHz (3.20 GHz) HT,
Intel Core i5 7Y54,3378
2x 1.20 GHz (3.20 GHz) HT,
Intel Xeon Silver 4112,3370
4x 2.60 GHz (3.00 GHz) HT,
Intel Core i3-6300T,3366
2x 3.30 GHz HT,
Intel Xeon Silver 4114T,3358
10x 2.20 GHz (3.00 GHz) HT,
Intel Xeon Silver 4114,3358
10x 2.20 GHz (3.00 GHz) HT,
Intel Xeon Silver 4116,3356
12x 2.10 GHz (3.00 GHz) HT,
Intel Xeon Silver 4110,3356
8x 2.10 GHz (3.00 GHz) HT,
Intel Xeon Silver 4116T,3356
12x 2.10 GHz (3.00 GHz) HT,
Intel Xeon Silver 4109T,3353
8x 2.00 GHz (3.00 GHz) HT,
Intel Xeon E3-1265L v3,3352
4x 2.50 GHz (3.70 GHz) HT,
Intel Core i7-3970X,3350
6x 3.50 GHz (4.00 GHz) HT,
Intel Xeon Silver 4108,3347
8x 1.80 GHz (3.00 GHz) HT,
Intel Xeon E5-2620 v3,3325
6x 2.40 GHz (3.20 GHz) HT,
Intel Xeon E3-1225 v3,3320
4x 3.20 GHz (3.60 GHz),
Intel Core i5-4570S,3320
4x 2.90 GHz (3.60 GHz),
Intel Core i5-4570,3320
4x 3.20 GHz (3.60 GHz),
Intel Core i7-4700HQ,3319
4x 2.40 GHz (3.40 GHz) HT,
Intel Core i7-4700MQ,3319
4x 2.40 GHz (3.40 GHz) HT,
Intel Core i7-3960X,3314
6x 3.30 GHz (3.90 GHz) HT,
Intel Core i7-4800MQ,3310
4x 2.70 GHz (3.70 GHz) HT,
Intel Core i3-4160T,3305
2x 3.10 GHz HT,
Intel Core i3-8100T,3302
4x 3.10 GHz,
Intel Core i5-3570K,3300
4x 3.40 GHz (3.80 GHz),
Intel Core i7-4610M,3300
2x 3.00 GHz (3.60 GHz) HT,
Intel Core i5-3570,3300
4x 3.40 GHz (3.80 GHz),
Intel Xeon E5-1660 v2,3295
6x 3.70 GHz (4.00 GHz) HT,
Intel Core i5-6500T,3289
4x 2.50 GHz (3.10 GHz),
Intel Core i7-6500U,3286
2x 2.50 GHz (3.10 GHz) HT,
Intel Pentium G5500T,3277
2x 3.20 GHz HT,
Intel Core i5-7200U,3270
2x 2.50 GHz (3.10 GHz) HT,
Intel Core i3-6100T,3264
2x 3.20 GHz HT,
Intel Pentium G4400,3251
2x 3.30 GHz,
Intel Core i5-6360U,3251
2x 2.00 GHz (3.10 GHz) HT,
Intel Xeon E3-1220 v3,3250
4x 3.10 GHz (3.50 GHz),
Intel Xeon E5-1650 v2,3240
6x 3.50 GHz (3.90 GHz) HT,
Intel Core i3-4350,3236
2x 3.60 GHz HT,
Intel Core i5-5257U,3233
2x 2.70 GHz (3.10 GHz) HT,
Intel Core i5-4690T,3228
4x 2.50 GHz (3.50 GHz),
Intel Xeon E5-2670 v3,3221
12x 2.30 GHz (3.10 GHz) HT,
Intel Core m7-6Y75,3217
2x 1.20 GHz (3.10 GHz) HT,
Intel Core i3-7100H,3210
2x 3.00 GHz HT,
Intel Core i7-4600M,3210
2x 2.90 GHz (3.60 GHz) HT,
Intel Xeon E3-1235L v5,3198
4x 2.00 GHz (3.00 GHz),
Intel Core i5-7400T,3194
4x 2.40 GHz (3.00 GHz),
Intel Core i7-5600U,3194
2x 2.60 GHz (3.20 GHz) HT,
Intel Core i7-5650U,3194
2x 2.20 GHz (3.20 GHz) HT,
Intel Core i7-2600K,3193
4x 3.40 GHz (3.80 GHz) HT,
AMD Epyc 7301,3175
16x 2.20 GHz (2.70 GHz) HT,
AMD Epyc 7281,3175
16x 2.20 GHz (2.70 GHz) HT,
Intel Pentium G5400T,3174
2x 3.10 GHz HT,
Intel Core i3-4330,3173
2x 3.50 GHz HT,
Intel Core i5-2500k,3158
4x 3.30 GHz (3.70 GHz),
Intel Core i5-6300U,3158
2x 2.40 GHz (3.00 GHz) HT,
Intel Celeron G4920,3152
2x 3.20 GHz,
Intel Core i7-4850HQ,3150
4x 2.30 GHz (3.50 GHz) HT,
Intel Core i5-4460S,3136
4x 2.90 GHz (3.40 GHz),
Intel Core i5-4460,3136
4x 3.20 GHz (3.40 GHz),
Intel Xeon Gold 5117F,3133
14x 2.00 GHz (2.80 GHz) HT,
Intel Xeon Platinum 8153,3133
16x 2.00 GHz (2.80 GHz) HT,
Intel Xeon Gold 5117,3133
14x 2.00 GHz (2.80 GHz) HT,
Intel Xeon Gold 5115,3133
10x 2.40 GHz (2.80 GHz) HT,
Intel Core i7-4785T,3129
4x 2.20 GHz (3.20 GHz) HT,
Intel Xeon E5-2630L v3,3126
8x 1.80 GHz (2.90 GHz) HT,
Intel Core i7-4702MQ,3124
4x 2.20 GHz (3.20 GHz) HT,
Intel Core i7-4702HQ,3124
4x 2.20 GHz (3.20 GHz) HT,
Intel Core i7-4600U,3120
2x 2.10 GHz (3.30 GHz) HT,
Intel Xeon E5-2650 v3,3117
10x 2.30 GHz (3.00 GHz) HT,
Intel Xeon E5-2683 v3,3117
14x 2.00 GHz (3.00 GHz) HT,
Intel Core i7-4650U,3110
2x 1.70 GHz (3.30 GHz) HT,
Intel Pentium G4600T,3072
2x 3.00 GHz HT,
Intel Core i7-4558U,3070
2x 2.80 GHz (3.30 GHz) HT,
Intel Celeron G4900,3054
2x 3.10 GHz,
AMD Athlon 300U,3045
2x 2.60 GHz (3.50 GHz) HT,
AMD Ryzen 3 3200U,3045
2x 2.60 GHz (3.50 GHz) HT,
Intel Core i5-4670T,3043
4x 2.30 GHz (3.30 GHz),
Intel Core i5-4440,3043
4x 3.10 GHz (3.30 GHz),
Intel Core i5-6260U,3039
2x 1.80 GHz (2.90 GHz) HT,
Intel Core i5-5350U,3025
2x 1.80 GHz (2.90 GHz) HT,
Intel Core i5-5300U,3025
2x 2.30 GHz (2.90 GHz) HT,
Intel Xeon E5-2658 v3,3013
12x 2.20 GHz (2.90 GHz) HT,
Intel Core i3-4130,3013
2x 3.50 GHz HT,
Intel Core i5-4340M,3010
2x 2.90 GHz (3.50 GHz) HT,
Intel Core M-5Y71,2999
2x 1.20 GHz (2.90 GHz) HT,
Intel Core i3-7167U,2996
2x 2.80 GHz HT,
Intel Core i7-5550U,2994
2x 2.00 GHz (3.00 GHz) HT,
Intel Core i7-5500U,2994
2x 2.40 GHz (3.00 GHz) HT,
Intel Pentium G4560T,2970
2x 2.90 GHz HT,
Intel Core i5-6400T,2969
4x 2.20 GHz (2.80 GHz),
Intel Pentium G4500T,2955
2x 3.00 GHz,
Intel Celeron G3950,2955
2x 3.00 GHz,
Intel Xeon E3-1505L v5,2953
4x 2.00 GHz (2.80 GHz) HT,
Intel Core i5-4430,2951
4x 3.00 GHz (3.20 GHz),
Intel Core i5-4570R,2951
4x 2.70 GHz (3.20 GHz),
Intel Core i5-4330M,2950
2x 2.80 GHz (3.50 GHz) HT,
Intel Core i5-6200U,2949
2x 2.30 GHz (2.80 GHz) HT,
Intel Xeon E5-2650L v4,2941
14x 1.70 GHz (2.50 GHz) HT,
Intel Core i7-4510U,2921
2x 2.00 GHz (3.10 GHz) HT,
Intel Core m5-6Y57,2906
2x 1.10 GHz (2.80 GHz) HT,
Intel Pentium G3440,2902
2x 3.30 GHz,
Intel Core i3-4350T,2897
2x 3.10 GHz HT,
Intel Xeon E5-2667 v2,2894
8x 3.30 GHz (4.00 GHz) HT,
Intel Core i5-6442EQ,2886
4x 1.90 GHz (2.70 GHz),
Intel Core i5-4310M,2865
2x 2.70 GHz (3.30 GHz) HT,
Intel Core i3-6167U,2860
2x 2.70 GHz HT,
Intel Pentium G3460,2860
2x 3.50 GHz,
Intel Celeron G3930T,2857
2x 2.70 GHz,
Intel Celeron G3930,2857
2x 2.90 GHz,
Intel Celeron G3920,2857
2x 2.90 GHz,
Intel Pentium G4400T,2857
2x 2.90 GHz,
Intel Pentium G3258,2845
2x 3.20 GHz,
Intel Pentium G3420,2845
2x 3.20 GHz,
Intel Core i3-4330T,2840
2x 3.00 GHz HT,
Intel Core i5-4310U,2840
2x 2.00 GHz (2.90 GHz) HT,
Intel Pentium G3430,2832
2x 3.30 GHz,
Intel Core i7-4750HQ,2830
4x 2.00 GHz (3.20 GHz) HT,
Intel Core i7-4500U,2827
2x 1.80 GHz (3.00 GHz) HT,
Intel Core i5-4300M,2821
2x 2.60 GHz (3.30 GHz) HT,
AMD Ryzen 3 2200U,2820
2x 2.50 GHz (3.40 GHz) HT,
Intel Core i5-5250U,2816
2x 1.60 GHz (2.70 GHz) HT,
Intel Core i5-5200U,2816
2x 2.20 GHz (2.70 GHz) HT,
Intel Core m5-6Y54,2804
2x 1.10 GHz (2.70 GHz) HT,
Intel Pentium G3450,2778
2x 3.40 GHz,
Intel Core i3-4150T,2768
2x 3.00 GHz HT,
Intel Core i5-4590T,2767
4x 2.00 GHz (3.00 GHz),
Intel Core i5-4300U,2760
2x 1.90 GHz (2.90 GHz) HT,
Intel Celeron G3900,2758
2x 2.80 GHz,
Intel Celeron G4900T,2758
2x 2.80 GHz,
Intel Core m3 7Y30,2746
2x 1.00 GHz (2.60 GHz) HT,
Intel Core i3-3250,2725
2x 3.50 GHz HT,
Intel Core i3-4130T,2714
2x 2.90 GHz HT,
Intel Core i5-4200M,2710
2x 2.50 GHz (3.10 GHz) HT,
Intel Core i5-4258U,2690
2x 2.40 GHz (2.90 GHz) HT,
Intel Core M-5Y51,2688
2x 1.10 GHz (2.60 GHz) HT,
Intel Core M-5Y70,2688
2x 1.10 GHz (2.60 GHz) HT,
Intel Core i5-4360U,2675
2x 1.50 GHz (2.90 GHz) HT,
Intel Xeon E5-2670 v2,2670
10x 2.50 GHz (3.30 GHz) HT,
Intel Xeon E5-2690 v2,2650
10x 3.00 GHz (3.60 GHz) HT,
Intel Core i3-3240,2648
2x 3.40 GHz HT,
Intel Core i3-3245,2648
2x 3.40 GHz HT,
Intel Core i5-4350U,2615
2x 1.40 GHz (2.90 GHz) HT,
Intel Pentium G3250,2614
2x 3.20 GHz,
Intel Xeon E5-2650L v3,2598
12x 1.80 GHz (2.50 GHz) HT,
Intel Xeon E5-2628L v3,2598
10x 2.00 GHz (2.50 GHz) HT,
Intel Xeon E5-2648L v3,2598
12x 1.80 GHz (2.50 GHz) HT,
Intel Celeron G1850,2597
2x 2.90 GHz,
Intel Core i5-4260U,2596
2x 1.40 GHz (2.70 GHz) HT,
AMD FX-9590,2587
8x 4.70 GHz (5.00 GHz),
Intel Xeon E5-2630 v2,2585
6x 2.60 GHz (3.10 GHz) HT,
Intel Core i3-3220,2570
2x 3.30 GHz HT,
Intel Core i3-3225,2570
2x 3.30 GHz HT,
Intel Core i3-7100U,2568
2x 2.40 GHz HT,
Intel Celeron G3900T,2561
2x 2.60 GHz,
Intel Celeron G1840,2556
2x 2.80 GHz,
Intel Core i5-4210U,2544
2x 1.70 GHz (2.70 GHz) HT,
Intel Xeon E5-2697 v2,2540
12x 2.70 GHz (3.50 GHz) HT,
AMD Athlon X4 845,2526
4x 3.50 GHz (3.80 GHz),
Intel Core i7-3517U,2521
2x 1.90 GHz (3.00 GHz) HT,
Intel Pentium G3240,2501
2x 3.10 GHz,
Intel Core i5-4250U,2500
2x 1.30 GHz (2.60 GHz) HT,
AMD Athlon II X4 860K,2500
4x 3.70 GHz (4.00 GHz),
Intel Core i3-3210,2492
2x 3.20 GHz HT,
Intel Core i3-5157U,2492
2x 2.50 GHz HT,
Intel Core i5-4460T,2490
4x 1.90 GHz (2.70 GHz),
Intel Core i5-3210M,2487
2x 2.50 GHz (3.10 GHz) HT,
Intel Core M-5Y31,2482
2x 0.90 GHz (2.40 GHz) HT,
Intel Xeon E3-1230L v3,2461
4x 1.80 GHz (2.80 GHz) HT,
Intel Xeon E5-2650 v2,2460
8x 2.60 GHz (3.40 GHz) HT,
Intel Pentium G3220,2452
2x 3.00 GHz,
Intel Core i5-4200U,2450
2x 1.60 GHz (2.60 GHz) HT,
Intel Pentium 4415U,2438
2x 2.30 GHz HT,
Intel Core i3-6100U,2436
2x 2.30 GHz HT,
Intel Core i3-3250T,2429
2x 3.00 GHz HT,
Intel Core i3-4100M,2419
2x 2.50 GHz HT,
Intel Celeron G1830,2412
2x 2.80 GHz,
AMD FX-9370,2386
8x 4.40 GHz (4.70 GHz),
AMD A10-6800K,2373
4x 4.10 GHz (4.40 GHz),
Intel Pentium G3450T,2369
2x 2.90 GHz,
Intel Pentium G3440T,2361
2x 2.80 GHz,
Intel Xeon E5-2620 v2,2350
6x 2.10 GHz (2.60 GHz) HT,
Intel Core i3-3240T,2348
2x 2.90 GHz HT,
AMD FX-4170,2334
4x 4.20 GHz (4.40 GHz),
AMD FX-4350,2321
4x 4.20 GHz (4.30 GHz),
Intel Pentium G3240T,2315
2x 2.70 GHz,
Intel Celeron G1820,2311
2x 2.70 GHz,
Intel Pentium G3250T,2288
2x 2.80 GHz,
Intel Core m3-6Y30,2285
2x 0.90 GHz (2.20 GHz) HT,
Intel Xeon E5-2660 v2,2275
10x 2.20 GHz (3.00 GHz) HT,
Intel Pentium G3220T,2270
2x 2.60 GHz,
Intel Core i3-3220T,2267
2x 2.80 GHz HT,
AMD Athlon X4 835,2260
4x 3.10 GHz (3.40 GHz),
Intel Celeron G1630,2240
2x 2.80 GHz,
Intel Celeron G1840T,2227
2x 2.50 GHz,
Intel Pentium 4405U,2216
2x 2.10 GHz HT,
Intel Celeron G1620,2200
2x 2.70 GHz,
AMD FX-8370,2195
8x 4.00 GHz (4.30 GHz),
AMD FX-8370E,2195
8x 3.30 GHz (4.30 GHz),
AMD FX-8310,2195
8x 3.40 GHz (4.30 GHz),
AMD FX-4300,2186
4x 3.80 GHz,
AMD FX-6350,2185
6x 3.90 GHz (4.20 GHz),
Intel Xeon E5-2640 v2,2170
8x 2.00 GHz (2.50 GHz) HT,
Intel Celeron 2970M,2170
2x 2.20 GHz,
Intel Core i3-4000M,2167
2x 2.40 GHz HT,
Intel Core i5-4302Y,2155
2x 1.60 GHz (2.30 GHz) HT,
AMD FX-8350,2144
8x 4.00 GHz (4.20 GHz),
AMD FX-8300,2144
8x 3.30 GHz (4.20 GHz),
AMD A10-6700,2140
4x 3.70 GHz (4.30 GHz),
AMD A10-6790K,2140
4x 4.10 GHz (4.30 GHz),
Intel Celeron G1820T,2138
2x 2.40 GHz,
AMD A8-7670K,2124
4x 3.60 GHz (3.90 GHz),
AMD A10-7870K,2124
4x 3.90 GHz (4.10 GHz),
Intel Pentium G2030,2120
2x 3.00 GHz,
AMD A6-6420K,2118
2x 4.00 GHz (4.20 GHz),
AMD A8-6600K,2107
4x 3.90 GHz (4.20 GHz),
Intel Celeron 3955U,2104
2x 2.00 GHz,
AMD A6-5400K,2103
2x 3.60 GHz (3.80 GHz),
Intel Celeron J4005,2094
2x 2.00 GHz (2.70 GHz),
Intel Core i3-5010U,2093
2x 2.10 GHz HT,
Intel Pentium G2020,2086
2x 2.90 GHz,
Intel Xeon E5-2608L v3,2078
6x 2.00 GHz HT,
AMD FX-6300,2073
6x 3.50 GHz (4.10 GHz),
AMD A10-7850K,2072
4x 3.70 GHz (4.00 GHz),
Intel Core M-5Y10c,2068
2x 0.80 GHz (2.00 GHz) HT,
Intel Core M-5Y10a,2068
2x 0.80 GHz (2.00 GHz) HT,
Intel Core M-5Y10,2068
2x 0.80 GHz (2.00 GHz) HT,
AMD A6-6400K,2063
2x 3.90 GHz (4.10 GHz),
AMD FX-8150,2056
8x 3.60 GHz (4.20 GHz),
Intel Pentium G2010,2045
2x 2.80 GHz,
AMD FX-8320E,2042
8x 3.20 GHz (4.00 GHz),
AMD FX-8320,2042
8x 3.50 GHz (4.00 GHz),
AMD A10-5800K,2029
4x 3.80 GHz (4.20 GHz),
Intel Celeron G1610,2023
2x 2.60 GHz,
AMD A8-6500,2017
4x 3.50 GHz (4.10 GHz),
Intel Xeon E5-2609 v4,2016
8x 1.70 GHz,
Intel Xeon E5-2603 v4,2016
6x 1.70 GHz,
AMD A8-5600K,2011
4x 3.60 GHz (3.90 GHz),
AMD FX-8120,1997
8x 3.10 GHz (4.00 GHz),
Intel Core i3-5005U,1993
2x 2.00 GHz HT,
AMD FX-6200,1989
6x 3.80 GHz (4.10 GHz),
Intel Celeron G1820TE,1984
2x 2.20 GHz HT,
AMD A10-7800,1976
4x 3.50 GHz (3.90 GHz),
AMD Phenom II X4 980,1976
4x 3.70 GHz,
Intel Xeon E5-2609 v3,1974
6x 1.90 GHz,
AMD Athlon II X4 760K,1969
4x 3.80 GHz (4.10 GHz),
AMD A8-7600,1968
4x 3.10 GHz (3.80 GHz),
AMD A8-7650K,1968
4x 3.30 GHz (3.80 GHz),
AMD A6-5400B,1957
2x 3.60 GHz (3.80 GHz),
Intel Celeron G1620T,1956
2x 2.40 GHz,
AMD Phenom II X6 1100T,1935
6x 3.30 GHz (3.70 GHz),
Intel Core i5-2467M,1932
2x 1.60 GHz (2.30 GHz) HT,
Intel Pentium N5000,1932
4x 1.10 GHz (2.70 GHz),
Intel Celeron 2950M,1929
2x 2.00 GHz,
AMD FX-4150,1927
4x 3.90 GHz (4.10 GHz),
AMD Athlon II X4 750K,1921
4x 3.40 GHz (4.00 GHz),
Intel Xeon Bronze 3104,1916
6x 1.70 GHz,
Intel Xeon Bronze 3106,1916
8x 1.70 GHz,
Intel Core i3-4158U,1911
2x 2.00 GHz HT,
AMD A10-7700K,1910
4x 3.50 GHz (3.80 GHz),
AMD FX-4130,1909
4x 3.80 GHz,
AMD A4-6320,1906
2x 3.80 GHz (4.00 GHz),
Intel Pentium 3805U,1894
2x 1.90 GHz,
Intel Pentium 3825U,1892
2x 1.90 GHz HT,
AMD A10-5700,1892
4x 3.40 GHz (4.00 GHz),
Intel Celeron 3765U,1892
2x 1.90 GHz,
AMD Phenom II X2 521,1888
2x 3.50 GHz,
AMD Phenom II X6 1090T,1883
6x 3.20 GHz (3.60 GHz),
AMD Phenom II X4 975,1876
4x 3.60 GHz,
AMD A8-5500B,1872
4x 3.20 GHz (3.70 GHz),
AMD FX-4200,1869
4x 3.30 GHz,
AMD Phenom II X4 970,1869
4x 3.50 GHz,
AMD FX-4100,1862
4x 3.60 GHz (3.80 GHz),
AMD FX-6100,1858
6x 3.30 GHz (3.90 GHz),
AMD A4-6300,1856
2x 3.70 GHz (3.90 GHz),
AMD FX-6120,1839
6x 3.50 GHz (4.10 GHz),
AMD Phenom II X2 B59,1834
2x 3.40 GHz,
AMD Phenom II X2 565,1834
2x 3.40 GHz,
AMD Phenom II X2 511,1834
2x 3.40 GHz,
AMD Phenom II X6 1075T,1831
6x 3.00 GHz (3.50 GHz),
AMD Phenom II X4 960T,1816
4x 3.00 GHz (3.40 GHz),
AMD Phenom II X4 965,1816
4x 3.40 GHz,
Intel Celeron G530,1796
2x 2.40 GHz,
Intel Core i3-4030U,1790
2x 1.90 GHz HT,
Intel Celeron G1610T,1789
2x 2.30 GHz,
AMD Phenom II X2 560,1780
2x 3.30 GHz,
AMD Phenom II X6 1065T,1778
6x 2.90 GHz (3.40 GHz),
AMD Athlon II X4 740,1777
4x 3.20 GHz (3.70 GHz),
AMD Athlon II X2 370K,1771
2x 4.00 GHz (4.20 GHz),
AMD Phenom II X4 850,1762
4x 3.30 GHz,
AMD Phenom II X4 B99,1762
4x 3.30 GHz,
AMD A8-5500,1754
4x 3.20 GHz (3.70 GHz),
AMD A4-5300,1745
2x 3.40 GHz (3.60 GHz),
AMD A4-4020,1737
2x 3.20 GHz (3.40 GHz),
AMD Phenom II X3 B77,1735
3x 3.20 GHz,
AMD A10-5750M,1732
4x 2.50 GHz (3.50 GHz),
AMD A10-5757M,1732
4x 2.50 GHz (3.50 GHz),
Intel Core i7-3687U,1728
2x 2.10 GHz (3.30 GHz) HT,
AMD Phenom II X2 B57,1726
2x 3.20 GHz,
AMD Phenom II X6 1055T,1726
6x 2.80 GHz (3.30 GHz),
AMD Phenom II X2 555,1726
2x 3.20 GHz,
Intel Core i3-4100U,1720
2x 1.80 GHz HT,
Intel Core i5-4210Y,1717
2x 1.50 GHz (1.90 GHz) HT,
Intel Core i5-4200Y,1717
2x 1.40 GHz (1.90 GHz) HT,
AMD Phenom II X4 840,1709
4x 3.20 GHz,
AMD A8-7200P,1709
4x 2.40 GHz (3.30 GHz),
AMD A10-7350B,1709
4x 2.10 GHz (3.30 GHz),
AMD Phenom II X4 955,1709
4x 3.20 GHz,
AMD Phenom II X4 840T,1709
4x 2.90 GHz (3.20 GHz),
AMD Phenom II X4 B97,1709
4x 3.20 GHz,
AMD A10-6700T,1706
4x 2.50 GHz (3.50 GHz),
Intel Celeron 3755U,1693
2x 1.70 GHz,
Intel Celeron 3215U,1693
2x 1.70 GHz,
Intel Celeron 3855U,1683
2x 1.60 GHz,
AMD Phenom II X6 1045T,1674
6x 2.70 GHz (3.20 GHz),
AMD Phenom II X2 550,1672
2x 3.10 GHz,
Intel Xeon E5-2603 v3,1662
6x 1.60 GHz,
AMD A8-7150B,1658
4x 1.90 GHz (3.20 GHz),
AMD FX-8100,1640
8x 2.80 GHz (3.70 GHz),
AMD A4-4000,1629
2x 3.00 GHz (3.20 GHz),
AMD Phenom II X3 740,1627
3x 3.00 GHz,
AMD Phenom II X3 B75,1627
3x 3.00 GHz,
AMD Phenom II X6 1035T,1621
6x 2.60 GHz (3.10 GHz),
Intel Core i3-4005U,1620
2x 1.70 GHz HT,
AMD Phenom II X2 545,1618
2x 3.00 GHz,
AMD Phenom II X2 B55,1618
2x 3.00 GHz,
AMD Phenom II X4 945,1603
4x 3.00 GHz,
AMD Phenom II X4 940,1602
4x 3.00 GHz,
AMD Phenom II X4 B95,1602
4x 3.00 GHz,
Intel Core i3-4010U,1601
2x 1.70 GHz HT,
AMD A8-5557M,1591
4x 2.10 GHz (3.10 GHz),
Intel Pentium 4405Y,1581
2x 1.50 GHz HT,
AMD A8-7100,1554
4x 1.80 GHz (3.00 GHz),
AMD A10-7400P,1554
4x 2.50 GHz (3.00 GHz),
Intel Celeron 2980U,1542
2x 1.40 GHz,
Intel Core2 Duo E6700,1524
2x 2.66 GHz,
AMD Phenom II X3 720,1518
3x 2.80 GHz,
AMD Athlon II X2 340,1518
2x 3.20 GHz (3.60 GHz),
AMD Phenom II X3 715,1518
3x 2.80 GHz,
AMD Phenom II X3 B73,1518
3x 2.80 GHz,
AMD A8-3850,1512
4x 2.90 GHz,
AMD Phenom II X2 B53,1510
2x 2.80 GHz,
Intel Core i3-3227U,1506
2x 1.90 GHz HT,
AMD Phenom II X4 920,1495
4x 2.80 GHz,
AMD Phenom II X4 925,1495
4x 2.80 GHz,
AMD Phenom II X4 B93,1495
4x 2.80 GHz,
AMD Phenom II X4 830,1495
4x 2.80 GHz,
AMD Phenom II X4 820,1495
4x 2.80 GHz,
Intel Celeron 3205U,1494
2x 1.50 GHz,
Intel Core i3-4020Y,1490
2x 1.50 GHz HT,
Intel Core 2 Q9300,1478
4x 2.50 GHz (2.50 GHz),
AMD A6-4400M,1461
2x 2.70 GHz (3.20 GHz),
AMD A8-6500T,1456
4x 2.10 GHz (3.10 GHz),
AMD A6-3650,1446
4x 2.60 GHz,
AMD A4-3420,1430
2x 2.80 GHz,
AMD A6-5350M,1423
2x 2.90 GHz (3.50 GHz),
AMD A10-4600M,1417
4x 2.30 GHz (3.20 GHz),
AMD Phenom II X3 710,1410
3x 2.60 GHz,
AMD A6-5357M,1388
2x 2.90 GHz (3.50 GHz),
AMD Phenom II X4 910e,1388
4x 2.60 GHz,
AMD Phenom II X4 910,1388
4x 2.60 GHz,
AMD Phenom II X4 810,1388
4x 2.60 GHz,
AMD A4-3400,1364
2x 2.70 GHz,
AMD Phenom II X3 705e,1356
3x 2.50 GHz,
AMD A8-3800,1355
4x 2.40 GHz (2.70 GHz),
Intel Celeron 2955U,1350
2x 1.40 GHz,
Intel Core i3-4010Y,1350
2x 1.30 GHz HT,
Intel Celeron 2957U,1350
2x 1.40 GHz,
AMD A8-3820,1346
4x 2.50 GHz (2.80 GHz),
AMD A4-3300,1337
2x 2.50 GHz,
Intel Pentium J4205,1336
4x 1.50 GHz (2.60 GHz),
AMD Phenom II X4 905e,1335
4x 2.50 GHz,
AMD Phenom II X4 805,1335
4x 2.50 GHz,
AMD A6-3430MX,1330
4x 1.70 GHz (2.40 GHz),
Intel Xeon E3-1220L v3,1317
4x 1.10 GHz (1.50 GHz) HT,
AMD A10-7300,1310
4x 1.90 GHz (3.20 GHz),
AMD Phenom II X3 700e,1302
3x 2.40 GHz,
AMD A4-4300M,1297
2x 2.50 GHz (3.00 GHz),
AMD Phenom II X4 900e,1282
4x 2.40 GHz,
AMD A6-3500,1279
3x 2.10 GHz (2.40 GHz),
Intel Pentium N4200,1263
4x 1.10 GHz (2.50 GHz),
AMD A10-4657M,1262
4x 2.30 GHz (3.20 GHz),
Intel Celeron J3355,1260
2x 2.00 GHz (2.50 GHz),
AMD A4-5150M,1249
2x 2.70 GHz (3.30 GHz),
AMD A6-3600,1242
4x 2.10 GHz (2.40 GHz),
AMD A8-4500M,1236
4x 1.90 GHz (2.80 GHz),
Intel Celeron 1007U,1228
2x 1.50 GHz,
AMD E2-3200,1216
2x 2.40 GHz,
AMD A6-6310,1213
4x 2.00 GHz (2.40 GHz),
Intel Celeron N3350,1210
2x 1.10 GHz (2.40 GHz),
AMD A6-3620,1196
4x 2.20 GHz (2.50 GHz),
Intel Celeron J3455,1187
4x 1.50 GHz (2.30 GHz),
AMD A8-3530MX,1183
4x 1.90 GHz (2.60 GHz),
AMD A4-3305M,1175
2x 1.90 GHz (2.50 GHz),
AMD A8-3550MX,1165
4x 2.00 GHz (2.70 GHz),
Intel Atom C2750,1147
8x 2.40 GHz (2.60 GHz),
Intel Atom C2550,1147
4x 2.40 GHz (2.60 GHz),
AMD A8-6410,1136
4x 2.00 GHz (2.40 GHz),
AMD A10-5745M,1132
4x 2.10 GHz (2.90 GHz),
AMD Athlon 5350,1123
4x 2.05 GHz,
AMD A8-3520M,1115
4x 1.60 GHz (2.50 GHz),
Intel Pentium J3710,1111
4x 1.60 GHz (2.64 GHz),
Intel Celeron N3450,1111
4x 1.10 GHz (2.20 GHz),
AMD A4-3330MX,1106
2x 2.20 GHz (2.60 GHz),
AMD A8-4555M,1105
4x 1.60 GHz (2.40 GHz),
AMD A10-4655M,1104
4x 2.00 GHz (2.80 GHz),
AMD A8-5550M,1102
4x 2.10 GHz (3.10 GHz),
AMD A6-4455M,1088
2x 2.10 GHz (2.60 GHz),
AMD A4-3310MX,1082
2x 2.10 GHz (2.50 GHz),
Intel Pentium N3710,1078
4x 1.60 GHz (2.56 GHz),
AMD A4-4355M,1076
2x 1.90 GHz (2.40 GHz),
AMD A8-5545M,1067
4x 1.70 GHz (2.70 GHz),
AMD A6-5200,1056
4x 2.80 GHz,
AMD A4-3320M,1054
2x 2.00 GHz (2.60 GHz),
Intel Celeron 2961Y,1053
2x 1.10 GHz,
Intel Celeron J3060,1042
2x 1.60 GHz (2.48 GHz),
Intel Pentium J2900,1042
4x 2.41 GHz (2.67 GHz),
Intel Celeron N3060,1042
2x 1.60 GHz (2.48 GHz),
AMD A4-3300M,1014
2x 1.90 GHz (2.50 GHz),
Intel Pentium N3700,1010
4x 1.60 GHz (2.40 GHz),
AMD A8-3510MX,1002
4x 1.80 GHz (2.50 GHz),
AMD A4-6210,989
4x 1.80 GHz,
Intel Pentium N3540,985
4x 2.16 GHz (2.66 GHz),
Intel Celeron J1800,980
2x 2.41 GHz (2.58 GHz),
Intel Celeron N2840,966
2x 2.16 GHz (2.58 GHz),
Intel Celeron J1900,961
4x 2.00 GHz (2.42 GHz),
Intel Pentium N3530,956
4x 2.16 GHz (2.58 GHz),
Intel Celeron N2940,955
4x 1.83 GHz (2.25 GHz),
AMD E2-3000,948
2x 1.65 GHz,
Intel Celeron N3160,943
4x 1.60 GHz (2.24 GHz),
Intel Celeron J3160,943
4x 1.60 GHz (2.24 GHz),
Intel Celeron N3010,941
2x 1.04 GHz (2.24 GHz),
AMD A6-3410MX,927
4x 1.60 GHz (2.30 GHz),
Intel Celeron N2930,917
4x 1.83 GHz (2.16 GHz),
Intel Celeron J1750,915
2x 2.41 GHz,
Intel Celeron N3050,907
2x 1.60 GHz (2.16 GHz),
Intel Celeron N2830,902
2x 2.16 GHz (2.41 GHz),
Intel Celeron N2820,896
2x 2.13 GHz (2.39 GHz),
Intel Atom E3845,884
4x 1.91 GHz,
Intel Atom C2530,882
4x 1.70 GHz (2.00 GHz),
Intel Atom C2350,882
2x 1.70 GHz (2.00 GHz),
Intel Atom C2730,882
8x 1.70 GHz (2.00 GHz),
AMD Athlon 5150,876
4x 1.60 GHz,
Intel Celeron N3150,876
4x 1.60 GHz (2.08 GHz),
Intel Celeron N3000,874
2x 1.04 GHz (2.08 GHz),
AMD E2-6110,873
4x 1.50 GHz,
Intel Pentium N3520,871
4x 2.17 GHz (2.42 GHz),
Intel Celeron 847,867
2x 1.10 GHz,
AMD A6-3400M,863
4x 1.40 GHz (2.30 GHz),
AMD A8-3500M,861
4x 1.50 GHz (2.40 GHz),
Intel Celeron N2920,849
4x 1.86 GHz (2.00 GHz),
Intel Pentium N3510,825
4x 2.40 GHz,
AMD A4-5000,823
4x 1.50 GHz,
Intel Celeron N2815,815
2x 1.86 GHz (2.13 GHz),
Intel Atom E3827,810
2x 1.75 GHz,
Intel Celeron N2808,802
2x 1.58 GHz (2.25 GHz),
Intel Celeron J1850,794
4x 2.00 GHz,
AMD Sempron 3850,780
4x 1.30 GHz,
Intel Celeron N2807,770
2x 1.58 GHz (2.16 GHz),
Intel Celeron N2810,762
2x 2.00 GHz,
AMD A6-1450,749
4x 1.00 GHz (1.40 GHz),
Intel Celeron N2806,713
2x 1.60 GHz (2.00 GHz),
AMD E1-2500,708
2x 1.40 GHz,
AMD E1-6010,698
2x 1.35 GHz,
Intel Atom Z3735F,693
4x 1.33 GHz (1.83 GHz),
Intel Celeron N2910,680
4x 1.60 GHz,
Intel Atom E3826,676
2x 1.46 GHz,
AMD E2-2000,668
2x 1.75 GHz,
AMD G-T56N,666
2x 1.65 GHz,
AMD E-350D,654
2x 1.60 GHz,
AMD E2-1800,646
2x 1.70 GHz,
Intel Pentium D1509,630
2x 1.50 GHz (1.50 GHz),
AMD E-450,622
2x 1.65 GHz,
Intel Atom E3825,616
2x 1.33 GHz,
AMD E-350,592
2x 1.60 GHz,
Intel Celeron N2805,591
2x 1.46 GHz,
Intel Atom E3815,591
1x 1.46 GHz,
AMD A4-1250,569
2x 1.00 GHz,
AMD A4-1200,556
2x 1.00 GHz,
AMD E1-1500,550
2x 1.48 GHz,
Intel Atom D2700,540
2x 2.13 GHz HT,
AMD E1-2100,538
2x 1.00 GHz,
AMD E-240,532
1x 1.50 GHz,
AMD E1-1200,523
2x 1.40 GHz,
Intel Pentium D1507,504
2x 1.20 GHz (1.20 GHz),
Intel Atom S1260,492
2x 2.00 GHz HT,
AMD E-300,489
2x 1.30 GHz,
AMD G-T40N,483
2x 1.00 GHz,
AMD C-60,473
2x 1.00 GHz (1.33 GHz),
Intel Atom D2550,468
2x 1.86 GHz HT,
Intel Atom D2500,450
2x 1.86 GHz,
AMD C-50,436
2x 1.00 GHz,
Intel Atom N2800,423
2x 1.86 GHz HT,
AMD C-70,422
2x 1.00 GHz (1.33 GHz),
AMD G-T40E,398
2x 1.00 GHz,
Intel Atom S1240,393
2x 1.60 GHz HT,
Intel Atom S1220,393
2x 1.60 GHz HT,
Intel Atom N2600,386
2x 1.60 GHz HT,
